File name p1;File name p2;File name p3;File name p4;File name p5;Line number p1;Line number p2;Line number p3;Line number p4;Line number p5;
Mailer1.java;Mailer2.java;Mailer3.java;Mailer4.java;Mailer5.java;
;;;;;25;25;25;24;17;
;;;;;27;27;;;;
;;;;;;;;26;;
;;;;;;;;27;;
;;;;;;;;;19;
;;;;;29;29;27;;20;
;;;;;30;;;28;21;
;;;;;;30;28;;;
;;;;;31;31;29;;22;
;;;;;32;32;30;;23;
;;;;;33;33;31;29;24;
;;;;;34;34;32;30;25;
;;;;;;;;31;26;
;;;;;;;33;32;;
;;;;;35;35;34;33;27;
;;;;;36;36;35;34;28;
;;;;;37;37;36;35;29;
;;;;;;;;36;;
;;;;;;;;;30;
;;;;;38;38;37;37;31;
;;;;;39;39;38;38;32;
;;;;;;;39;;;
;;;;;;;;39;;
;;;;;40;40;40;40;33;
;;;;;41;41;41;41;34;
;;;;;43;;;;;
;;;;;;;;42;35;
;;;;;44;;42;43;;
;;;;;45;;43;44;;
;;;;;;;;45;;
;;;;;46;;44;46;;
;;;;;47;;45;47;;
;;;;;48;;46;48;;
;;;;;49;;47;49;;
;;;;;51;43;;;;
;;;;;52;44;;;36;
;;;;;53;45;;;37;
;;;;;54;46;;;38;
;;;;;55;47;;;39;
;;;;;56;48;;;40;
;;;;;57;49;;;;
;;;;;58;50;;;41;
;;;;;;;;50;;
;;;;;59;51;49;52;42;
;;;;;60;52;50;53;43;
;;;;;61;53;51;54;44;
;;;;;62;54;52;55;45;
;;;;;63;55;53;56;46;
;;;;;64;56;54;57;47;
;;;;;65;57;55;58;48;
;;;;;66;58;56;59;49;
;;;;;67;59;57;60;50;
;;;;;68;60;58;61;51;
;;;;;70;62;;;;
;;;;;71;63;;;;
;;;;;72;64;;;;
;;;;;;;59;62;;
;;;;;;;60;63;;
;;;;;;;61;64;;
;;;;;;;62;65;;
;;;;;;;63;66;;
;;;;;;;64;67;;
;;;;;;;65;68;;
;;;;;;;66;69;;
;;;;;;;68;71;52;
;;;;;;;;;53;
;;;;;73;65;;;54;
;;;;;74;66;;;55;
;;;;;75;67;;;56;
;;;;;77;69;;;;
;;;;;78;70;;;;
;;;;;;;;;58;
;;;;;85;77;75;78;65;
;;;;;86;78;76;79;66;
;;;;;91;83;81;84;72;
;;;;;96;88;86;89;78;
;;;;;101;93;91;94;84;
;;;;;103;95;93;;;
;;;;;104;96;94;;;
;;;;;;;;;86;
;;;;;;;;;87;
;;;;;105;97;95;;;
;;;;;106;98;96;;;
;;;;;108;100;98;;;
;;;;;109;101;99;;;
;;;;;111;103;101;;;
;;;;;113;105;103;;;
;;;;;114;106;104;;;
;;;;;115;107;105;;;
;;;;;116;108;106;;;
;;;;;117;109;107;;;
;;;;;118;110;108;;;
;;;;;119;111;109;;;
;;;;;120;112;110;;;
;;;;;121;113;111;;;
;;;;;122;114;112;;;
;;;;;123;115;113;;;
;;;;;124;116;114;;;
;;;;;125;117;115;;88;
;;;;;;;;;90;
;;;;;;;;;91;
;;;;;126;118;116;;;
;;;;;127;119;117;;;
;;;;;128;120;118;;;
;;;;;129;121;119;;92;
;;;;;;;;;94;
;;;;;;;;;95;
;;;;;130;122;120;;96;
;;;;;;;;98;100;
;;;;;;;;99;101;
;;;;;;;;100;102;
;;;;;;;;101;103;
;;;;;;;;103;105;
;;;;;;;;104;;
;;;;;;;;105;;
;;;;;;;;;106;
;;;;;;;;;107;
;;;;;;;;;108;
;;;;;;;;106;109;
;;;;;;;;108;;
;;;;;;;;109;;
;;;;;;;;110;;
;;;;;;;;112;;
;;;;;;;;114;;
;;;;;;;;115;;
;;;;;;;;116;;
;;;;;;;;117;;
;;;;;;;;118;;
;;;;;;;;119;;
;;;;;;;;120;;
;;;;;;;;121;;
;;;;;;;;122;;
;;;;;;;;123;;
;;;;;;;;124;;
;;;;;;;;125;;
;;;;;;;;126;;
;;;;;;;;127;;
;;;;;;;;128;;
;;;;;;;;129;;
;;;;;;;;130;;
;;;;;;;;131;;
;;;;;131;123;121;132;;
;;;;;132;124;122;133;;
;;;;;133;125;123;;110;
;;;;;;;;134;;
;;;;;134;126;124;135;;
;;;;;;;;;112;
;;;;;;;;;113;
;;;;;;;;;115;
;;;;;;;;;116;
;;;;;135;127;125;136;117;
;;;;;140;132;130;141;122;
;;;;;141;133;131;142;123;
;;;;;142;134;132;143;124;
;;;;;148;140;138;149;;
;;;;;;;;;130;
;;;;;149;141;139;150;131;
;;;;;150;142;140;151;132;
;;;;;152;144;142;153;134;
;;;;;153;145;143;;;
;;;;;;;;154;135;
;;;;;154;146;144;155;136;
;;;;;156;148;146;157;138;
;;;;;157;149;147;158;139;
;;;;;162;154;152;163;144;
;;;;;167;159;157;168;;
;;;;;;;;;149;
;;;;;172;164;162;173;154;
;;;;;174;166;164;175;156;
;;;;;180;172;170;181;162;
;;;;;186;;;;;
;;;;;192;178;176;187;168;
;;;;;197;183;181;192;173;
;;;;;203;189;187;198;179;
;;;;;208;194;192;203;184;
;;;;;213;199;197;208;189;
;;;;;216;202;200;211;192;
;;;;;217;203;201;212;193;
;;;;;218;204;202;213;194;
;;;;;219;205;203;214;195;
;;;;;221;207;205;216;197;
;;;;;222;208;206;217;198;
;;;;;223;209;207;218;199;
;;;;;225;211;209;220;201;
;;;;;226;212;210;221;202;
;;;;;227;213;211;222;203;
;;;;;228;214;212;223;204;
;;;;;230;216;214;225;206;
;;;;;231;217;215;226;207;
;;;;;232;218;216;227;208;
;;;;;234;;;;;
;;;;;235;;;;;
;;;;;236;;;;;
;;;;;238;;;;;
;;;;;239;;;;;
;;;;;240;;;;;
;;;;;243;221;219;230;211;
;;;;;244;222;220;231;212;
;;;;;245;223;221;232;213;
;;;;;246;224;222;233;214;
;;;;;247;225;223;234;215;
;;;;;248;226;224;235;216;
;;;;;250;228;226;237;218;
;;;;;;;;;219;
;;;;;251;229;227;238;220;
;;;;;252;230;228;239;221;
;;;;;253;231;229;240;222;
;;;;;254;232;230;241;223;
;;;;;255;233;231;242;224;
;;;;;256;234;232;243;225;
;;;;;263;241;239;250;232;
;;;;;264;242;240;251;233;
;;;;;265;243;241;252;234;
;;;;;266;244;242;253;235;
;;;;;267;245;243;254;236;
;;;;;268;246;244;255;237;
;;;;;269;247;245;256;238;
;;;;;270;248;246;257;239;
;;;;;271;249;247;258;240;
;;;;;272;250;248;259;241;
;;;;;273;251;249;260;242;
;;;;;274;252;250;261;243;
;;;;;277;255;253;264;246;
;;;;;278;256;254;265;247;
;;;;;280;258;256;267;249;
;;;;;281;259;257;268;250;
;;;;;283;261;259;270;252;
;;;;;284;262;260;271;253;
;;;;;285;263;261;272;254;
;;;;;286;264;262;273;255;
;;;;;287;265;263;274;256;
;;;;;288;266;264;275;257;
;;;;;289;267;265;276;258;
;;;;;290;268;266;277;259;
;;;;;291;269;267;278;260;
;;;;;293;271;269;280;262;
;;;;;294;272;270;281;263;
;;;;;296;274;272;283;265;
;;;;;297;275;273;284;266;
;;;;;298;;;;;
;;;;;300;277;275;286;268;
;;;;;301;278;276;287;269;
;;;;;302;279;277;288;270;
;;;;;303;280;278;289;271;
;;;;;304;281;279;290;272;
;;;;;306;283;281;292;274;
;;;;;307;284;282;293;275;
;;;;;308;285;283;294;276;
;;;;;309;286;284;295;277;
;;;;;310;287;285;296;278;
;;;;;311;288;286;297;279;
;;;;;312;289;287;298;280;
;;;;;313;290;288;299;281;
;;;;;314;291;289;300;282;
;;;;;315;292;290;301;283;
;;;;;316;293;291;302;284;
;;;;;317;294;292;303;285;
;;;;;318;295;293;304;286;
;;;;;320;297;295;306;288;
;;;;;321;298;296;307;289;
;;;;;322;299;297;308;290;
;;;;;324;301;299;310;292;
;;;;;325;302;300;311;293;
;;;;;326;303;301;312;294;
;;;;;327;304;302;313;295;
;;;;;329;306;304;315;297;
;;;;;330;307;305;316;298;
;;;;;331;308;306;317;299;
;;;;;333;310;308;319;301;
;;;;;334;311;309;320;302;
;;;;;335;312;310;321;303;
;;;;;336;313;311;322;304;
;;;;;337;314;312;323;305;
;;;;;339;316;314;325;307;
;;;;;340;317;315;326;308;
;;;;;341;318;316;327;309;
;;;;;343;320;318;329;311;
;;;;;344;321;319;330;312;
;;;;;345;322;320;331;313;
;;;;;347;324;322;333;315;
;;;;;348;325;323;334;316;
;;;;;349;326;324;335;317;
;;;;;350;327;325;336;318;
;;;;;352;329;327;338;320;
;;;;;353;330;328;339;321;
;;;;;354;331;329;340;322;
;;;;;356;333;331;342;324;
;;;;;357;334;332;343;325;
;;;;;358;335;333;344;326;
;;;;;360;337;335;346;328;
;;;;;361;338;336;347;329;
;;;;;362;339;337;348;330;
;;;;;363;340;338;349;331;
;;;;;364;341;339;350;332;
;;;;;366;343;341;352;334;
;;;;;367;344;342;353;335;
;;;;;368;345;343;354;336;
;;;;;370;347;345;356;338;
;;;;;371;348;346;357;339;
;;;;;372;349;347;358;340;
;;;;;374;351;349;360;342;
;;;;;375;352;350;361;343;
;;;;;378;355;353;364;346;
;;;;;379;356;354;365;347;
;;;;;380;357;355;366;348;
;;;;;381;358;356;367;349;
;;;;;383;360;358;369;351;
;;;;;384;361;359;370;352;
;;;;;385;362;360;371;353;
;;;;;387;364;362;373;355;
;;;;;388;365;363;374;356;
;;;;;389;366;364;375;357;
;;;;;391;368;366;377;359;
;;;;;392;369;367;378;360;
;;;;;393;370;368;379;361;
;;;;;395;372;370;381;363;
;;;;;396;373;371;382;364;
;;;;;397;374;372;383;365;
;;;;;399;376;374;385;367;
;;;;;400;377;375;386;368;
;;;;;401;378;376;387;369;
;;;;;402;379;377;388;370;
;;;;;404;381;379;390;372;
;;;;;405;382;380;391;373;
;;;;;406;383;381;392;374;
;;;;;407;384;382;393;375;
;;;;;408;385;383;394;376;
;;;;;410;387;385;396;378;
;;;;;412;389;387;398;380;
;;;;;413;390;388;399;381;
;;;;;414;391;389;400;382;
;;;;;416;393;391;402;384;
;;;;;417;394;392;403;385;
;;;;;422;399;397;408;390;
;;;;;423;400;398;409;391;
;;;;;424;401;399;410;392;
;;;;;425;402;400;411;393;
;;;;;426;403;401;412;394;
;;;;;428;405;403;414;396;
;;;;;429;406;404;415;397;
;;;;;430;407;405;416;398;
;;;;;431;408;406;417;399;
;;;;;432;409;407;418;400;
;;;;;433;410;408;419;401;
;;;;;434;411;409;420;402;
;;;;;435;412;410;421;403;
;;;;;437;414;412;423;405;
;;;;;438;415;413;424;406;
;;;;;439;416;414;425;407;
;;;;;440;417;415;426;408;
;;;;;441;418;416;427;409;
;;;;;442;419;417;428;410;
;;;;;443;420;418;429;411;
;;;;;444;421;419;430;412;
;;;;;445;422;420;431;413;
;;;;;447;424;422;433;415;
;;;;;448;425;423;434;416;
;;;;;449;426;424;435;417;
;;;;;451;428;426;437;419;
;;;;;452;429;427;438;420;
;;;;;453;430;428;439;421;
;;;;;454;431;429;440;422;
;;;;;455;432;430;441;423;
;;;;;456;433;431;442;424;
;;;;;464;441;439;450;432;
;;;;;465;442;440;451;433;
;;;;;466;443;441;452;434;
;;;;;467;444;;;;
;;;;;468;445;;;;
;;;;;;;442;453;435;
;;;;;469;446;443;454;436;
;;;;;470;447;444;455;437;
;;;;;472;449;446;457;;
;;;;;473;450;;;;
;;;;;474;451;;;;
;;;;;;;;;439;
;;;;;;;;;440;
;;;;;;;;;441;
;;;;;;;447;458;442;
;;;;;;;448;;;
;;;;;;;;459;443;
;;;;;475;452;449;460;444;
;;;;;476;;;;;
;;;;;477;;;;;
;;;;;478;;;;;
;;;;;479;453;450;461;445;
;;;;;480;454;;;;
;;;;;;;451;462;446;
;;;;;482;456;453;464;;
;;;;;483;457;454;;;
;;;;;;;;;450;
;;;;;;;;466;452;
;;;;;484;458;455;467;453;
;;;;;485;459;456;;;
;;;;;;;;468;454;
;;;;;486;460;;469;455;
;;;;;487;461;;470;456;
;;;;;;;;;463;
;;;;;;;;;464;
;;;;;;;;;465;
;;;;;;;;;480;
;;;;;;;;;481;
;;;;;;;;;482;
;;;;;;;;;483;
;;;;;;;;;484;
;;;;;;;;;485;
;;;;;;;;;486;
;;;;;;;;;487;
;;;;;;;;;488;
;;;;;;;;;489;
;;;;;;;;;490;
;;;;;;;;;491;
;;;;;;;;;492;
;;;;;;;;;493;
;;;;;;;;;494;
;;;;;;;457;;495;
;;;;;;;458;;496;
;;;;;489;463;460;472;498;
;;;;;490;464;461;473;499;
;;;;;491;465;462;474;500;
;;;;;492;466;463;475;501;
;;;;;497;471;468;480;506;
;;;;;502;476;473;485;511;
;;;;;504;478;475;487;513;
;;;;;505;479;476;488;514;
;;;;;506;480;477;489;515;
;;;;;508;482;479;491;517;
;;;;;509;483;480;492;518;
;;;;;510;;;;;
;;;;;;484;;;;
;;;;;;;481;493;519;
;;;;;511;485;482;494;520;
;;;;;514;488;485;497;523;
;;;;;515;489;486;498;524;
;;;;;520;;;;;
;;;;;521;;;;;
;;;;;522;;;;;
;;;;;524;491;488;500;526;
;;;;;525;492;489;501;527;
;;;;;526;493;490;502;528;
;;;;;527;494;491;503;529;
;;;;;528;495;492;504;530;
;;;;;530;497;494;506;532;
;;;;;531;498;495;507;533;
;;;;;532;499;496;508;534;
;;;;;534;501;498;510;536;
;;;;;535;502;499;511;537;
;;;;;536;503;500;512;538;
;;;;;537;504;501;513;539;
;;;;;538;505;502;514;540;
;;;;;539;506;503;515;541;
;;;;;544;511;508;520;546;
;;;;;;;;522;548;
;;;;;;;;523;549;
;;;;;;;;524;550;
;;;;;;;;525;551;
;;;;;;;;526;552;
;;;;;;;;527;553;
;;;;;;;;528;554;
;;;;;545;512;509;529;555;

Util1.java;Util2.java;Util3.java;Util4.java;Util5.java;
;;;;;24;24;24;24;16;
;;;;;26;;;;;
;;;;;27;;;;;
;;;;;28;;;;;
;;;;;29;;;;;
;;;;;30;26;26;26;18;
;;;;;31;;;;;
;;;;;;27;27;;;
;;;;;;;;27;19;
;;;;;;28;28;28;;
;;;;;32;30;30;30;21;
;;;;;33;31;31;31;22;
;;;;;34;32;32;32;23;
;;;;;35;;;;;
;;;;;36;;;;;
;;;;;37;;;;;
;;;;;;33;33;33;24;
;;;;;;34;34;34;;
;;;;;;;;;25;
;;;;;;;;;27;
;;;;;38;35;35;35;28;
;;;;;39;36;36;36;29;
;;;;;;37;37;37;30;
;;;;;40;38;38;38;31;
;;;;;41;39;39;39;32;
;;;;;42;;;;;
;;;;;;40;40;40;;
;;;;;;;;;33;
;;;;;;41;41;41;34;
;;;;;43;42;42;42;;
;;;;;44;43;43;43;;
;;;;;45;;;;;
;;;;;46;44;44;44;36;
;;;;;;45;45;45;;
;;;;;48;47;47;47;38;
;;;;;49;48;48;48;39;
;;;;;50;;;;;
;;;;;;50;50;50;41;
;;;;;;51;51;51;42;
;;;;;;52;52;52;43;
;;;;;;53;53;53;44;
;;;;;;54;54;54;45;
;;;;;;55;55;55;46;
;;;;;;56;56;56;47;
;;;;;;57;57;57;48;
;;;;;;58;58;58;49;
;;;;;;59;59;59;50;
;;;;;;60;60;;51;
;;;;;;61;61;60;52;
;;;;;;62;62;61;53;
;;;;;;63;63;62;54;
;;;;;;64;64;63;55;
;;;;;;65;65;64;56;
;;;;;51;66;66;65;57;
;;;;;;67;67;66;58;
;;;;;52;68;68;67;59;
;;;;;53;69;69;68;60;
;;;;;54;;;;;
;;;;;55;70;70;69;61;
;;;;;56;71;71;70;62;
;;;;;57;72;72;71;63;
;;;;;58;;;;;
;;;;;59;73;73;72;64;
;;;;;60;74;74;73;65;
;;;;;61;75;75;74;66;
;;;;;62;76;76;75;67;
;;;;;63;77;77;76;68;
;;;;;64;78;78;77;69;
;;;;;65;;;;;
;;;;;;79;79;78;70;
;;;;;;80;80;79;71;
;;;;;;81;81;80;72;
;;;;;;82;82;81;73;
;;;;;;83;83;82;74;
;;;;;;84;84;;75;
;;;;;;85;85;;76;
;;;;;;86;86;83;77;
;;;;;;87;87;84;78;
;;;;;;88;88;85;79;
;;;;;;89;89;86;80;
;;;;;;90;90;87;81;
;;;;;;91;91;88;82;
;;;;;66;92;92;89;83;
;;;;;67;93;93;90;84;
;;;;;68;94;94;91;85;
;;;;;69;95;95;92;86;
;;;;;71;;;;;
;;;;;;96;96;93;87;
;;;;;;98;98;95;;
;;;;;;99;99;96;;
;;;;;;100;100;97;;
;;;;;78;107;107;104;94;
;;;;;81;110;110;107;97;
;;;;;82;111;111;108;98;
;;;;;83;112;112;109;99;
;;;;;84;113;113;110;100;
;;;;;85;114;114;111;101;
;;;;;86;115;115;112;102;
;;;;;92;121;121;118;108;
;;;;;93;122;122;119;109;
;;;;;94;123;123;120;110;
;;;;;95;124;124;121;;
;;;;;;;;;111;
;;;;;96;125;125;122;112;
;;;;;97;126;126;123;113;
;;;;;;;;;114;
;;;;;98;127;127;124;115;
;;;;;99;128;128;125;116;
;;;;;104;133;133;130;121;
;;;;;105;134;134;131;122;
;;;;;106;135;135;132;123;
;;;;;111;140;140;137;;
;;;;;;;;;127;
;;;;;120;149;149;146;136;
;;;;;121;150;150;147;137;
;;;;;122;151;151;148;138;
;;;;;130;159;159;156;146;
;;;;;131;160;160;157;147;
;;;;;132;161;161;158;148;
;;;;;133;162;162;159;149;
;;;;;135;164;164;161;151;
;;;;;136;165;165;162;152;
;;;;;137;166;166;163;153;
;;;;;138;167;167;164;;
;;;;;;;;;154;
;;;;;;;;;155;
;;;;;;;;;156;
;;;;;140;169;169;166;158;
;;;;;143;172;172;169;161;
;;;;;144;173;173;170;162;
;;;;;145;174;174;171;163;
;;;;;146;175;175;172;164;
;;;;;147;176;176;173;;
;;;;;;;;;165;
;;;;;;;;;166;
;;;;;;;;;167;
;;;;;148;177;177;174;168;
;;;;;149;178;178;175;169;
;;;;;151;180;180;177;;
;;;;;;;;;171;
;;;;;152;181;181;178;172;
;;;;;153;182;182;179;;
;;;;;;;;;173;
;;;;;154;183;183;180;174;
;;;;;155;184;184;181;175;
;;;;;156;185;185;182;176;
;;;;;157;186;186;183;177;
;;;;;158;187;187;184;178;
;;;;;163;192;192;189;183;
;;;;;164;193;193;190;184;
;;;;;165;194;194;191;185;
;;;;;167;196;196;193;187;
;;;;;168;197;197;194;;
;;;;;;;;;188;
;;;;;169;198;198;195;189;
;;;;;;;;;190;
;;;;;171;200;200;197;192;
;;;;;173;202;202;199;194;
;;;;;174;203;;;;
;;;;;175;204;203;200;195;
;;;;;176;205;204;201;196;
;;;;;177;206;205;202;;
;;;;;;;;;197;
;;;;;178;207;206;203;198;
;;;;;179;208;;;;
;;;;;180;209;;;;
;;;;;181;210;;;199;
;;;;;;;207;204;200;
;;;;;183;212;209;206;202;
;;;;;184;213;210;207;203;
;;;;;193;222;219;216;212;
;;;;;194;223;220;217;213;
;;;;;195;224;221;218;;
;;;;;;;;;214;
;;;;;196;225;222;219;215;
;;;;;197;226;223;220;;
;;;;;;;;;216;
;;;;;;;;;217;
;;;;;198;227;224;221;218;
;;;;;199;228;225;222;219;
;;;;;;;;;220;
;;;;;206;235;232;229;227;
;;;;;207;236;233;230;228;
;;;;;208;237;234;231;229;
;;;;;;;;;230;
;;;;;210;239;236;233;231;
;;;;;;;;;232;
;;;;;213;242;239;236;235;
;;;;;228;257;254;251;250;
;;;;;230;259;256;253;252;
;;;;;234;263;260;257;256;
;;;;;235;264;261;258;;
;;;;;;;;;257;
;;;;;236;265;262;259;258;
;;;;;;;;;259;
;;;;;237;266;263;260;260;
;;;;;238;267;264;261;261;
;;;;;239;268;265;262;262;
;;;;;240;269;266;263;263;
;;;;;245;274;271;268;;
;;;;;246;275;272;269;268;
;;;;;248;277;274;271;270;
;;;;;249;278;275;272;271;
;;;;;250;279;276;273;272;
;;;;;251;280;277;274;273;
;;;;;252;281;278;275;274;
;;;;;253;282;279;276;275;
;;;;;254;283;280;277;276;
;;;;;255;284;281;278;277;
;;;;;256;285;282;279;278;
;;;;;259;288;285;282;281;
;;;;;260;289;286;283;282;
;;;;;261;290;287;284;283;
;;;;;263;292;289;286;285;
;;;;;;;;;287;
;;;;;265;294;291;288;288;
;;;;;266;295;292;289;;
;;;;;267;296;293;290;;
;;;;;268;297;294;291;;
;;;;;269;298;295;292;;
;;;;;270;299;296;293;;
;;;;;271;300;297;294;;
;;;;;;;;295;;
;;;;;;;;;289;
;;;;;;;;;290;
;;;;;;;;;291;
;;;;;272;301;298;;292;
;;;;;274;303;300;;293;
;;;;;;;;297;294;
;;;;;276;305;302;299;296;
;;;;;277;306;303;300;;
;;;;;278;307;304;301;;
;;;;;279;308;305;;;
;;;;;280;309;306;;;
;;;;;281;310;307;;;
;;;;;285;314;311;;;
;;;;;;;;;297;
;;;;;286;315;312;;298;
;;;;;287;316;313;;;
;;;;;288;317;314;;299;
;;;;;;;;302;300;
;;;;;289;318;315;;301;
;;;;;;;;303;;
;;;;;310;339;336;324;306;
;;;;;311;340;337;325;307;
;;;;;312;341;338;326;;
;;;;;;;;;308;
;;;;;313;342;339;327;309;
;;;;;;;;;310;
;;;;;315;344;341;329;312;
;;;;;316;345;342;330;313;
;;;;;317;346;343;331;314;
;;;;;318;347;344;332;315;
;;;;;319;348;345;333;316;
;;;;;320;349;346;334;317;
;;;;;321;350;347;335;318;
;;;;;322;351;348;336;319;
;;;;;323;352;349;337;320;
;;;;;328;357;354;342;325;
;;;;;329;358;355;343;326;
;;;;;330;359;356;344;;
;;;;;;;;;327;
;;;;;331;360;357;345;328;
;;;;;332;361;358;346;;
;;;;;;;;;329;
;;;;;;;;;330;
;;;;;333;362;359;347;331;
;;;;;;;;;332;
;;;;;334;363;360;348;333;
;;;;;335;364;361;349;334;
;;;;;337;366;363;351;335;
;;;;;343;372;369;357;341;
;;;;;344;373;370;358;342;
;;;;;345;374;371;359;;
;;;;;;;;;343;
;;;;;346;375;372;360;344;
;;;;;347;376;373;361;345;
;;;;;;;;;346;
;;;;;349;378;375;363;348;
;;;;;350;379;376;364;349;
;;;;;351;380;377;365;350;
;;;;;359;388;385;373;358;
;;;;;360;389;386;374;359;
;;;;;361;390;387;375;360;
;;;;;362;391;388;376;361;
;;;;;363;392;389;377;362;
;;;;;364;393;390;378;363;
;;;;;365;394;391;379;364;
;;;;;366;395;392;380;365;
;;;;;367;396;393;381;366;
;;;;;369;398;395;383;368;
;;;;;370;399;396;384;369;
;;;;;371;400;397;385;370;
;;;;;373;402;399;387;;
;;;;;;;;;372;
;;;;;374;403;400;388;373;
;;;;;;;;;374;
;;;;;375;404;401;389;375;
;;;;;376;405;402;390;376;
;;;;;384;413;410;398;384;
;;;;;385;414;411;;385;
;;;;;386;415;412;399;386;
;;;;;387;416;413;400;387;
;;;;;388;417;414;;388;
;;;;;389;418;415;;389;
;;;;;390;419;416;;390;
;;;;;391;420;417;;391;
;;;;;392;421;418;;392;
;;;;;;;;401;;
;;;;;397;426;423;406;397;
;;;;;398;427;424;407;398;
;;;;;399;428;425;408;399;
;;;;;400;429;426;409;400;
;;;;;401;430;427;410;401;
;;;;;402;431;428;411;402;
;;;;;403;432;429;412;403;
;;;;;405;434;431;414;405;
;;;;;406;435;432;415;406;
;;;;;407;436;433;416;407;
;;;;;408;437;434;417;;
;;;;;;;;;408;
;;;;;409;438;435;418;409;
;;;;;410;439;436;419;410;
;;;;;;;;;411;
;;;;;412;441;438;421;413;
;;;;;413;442;439;422;414;
;;;;;414;443;440;423;415;
;;;;;415;444;441;424;;
;;;;;;;;;416;
;;;;;416;445;442;425;417;
;;;;;417;446;443;426;418;
;;;;;;;;;419;
;;;;;419;448;445;428;421;
;;;;;420;449;446;429;422;
;;;;;421;450;447;430;423;
;;;;;422;451;448;431;424;
;;;;;423;452;449;432;425;
;;;;;424;453;450;433;426;
;;;;;425;454;451;434;427;
;;;;;426;455;452;435;428;
;;;;;428;457;454;437;430;
;;;;;429;458;455;438;431;
;;;;;430;459;456;439;432;
;;;;;431;460;457;440;433;
;;;;;432;461;458;441;434;
;;;;;433;462;459;442;435;
;;;;;434;463;460;443;436;
;;;;;435;464;461;444;437;
;;;;;447;476;473;456;449;
;;;;;448;477;474;457;450;
;;;;;449;478;475;458;451;
;;;;;451;480;477;460;453;
;;;;;452;481;478;461;454;
;;;;;453;482;479;462;455;
;;;;;458;487;484;467;460;
;;;;;459;488;485;468;461;
;;;;;460;489;486;469;462;
;;;;;462;491;488;471;464;
;;;;;463;492;489;472;465;
;;;;;464;493;490;473;466;
;;;;;465;494;491;474;467;
;;;;;466;495;492;475;468;
;;;;;468;497;494;477;470;
;;;;;469;498;495;478;471;
;;;;;470;499;496;479;;
;;;;;;;;;472;
;;;;;471;500;497;480;473;
;;;;;472;501;498;481;474;
;;;;;;;;;475;
;;;;;473;502;499;482;476;
;;;;;474;503;500;483;477;
;;;;;476;505;502;485;479;
;;;;;477;;;;;
;;;;;;506;503;486;;
;;;;;;;;;480;
;;;;;;;;;481;
;;;;;;;;;482;
;;;;;;507;504;487;483;
;;;;;478;508;505;488;484;
;;;;;480;510;507;490;486;
;;;;;481;511;508;491;;
;;;;;482;512;509;492;;
;;;;;;;;;487;
;;;;;;;;;488;
;;;;;;;;;489;
;;;;;;;;;490;
;;;;;483;513;510;493;491;
;;;;;;;;;492;
;;;;;;;515;498;496;
;;;;;493;523;525;508;506;
;;;;;494;524;526;509;507;
;;;;;495;525;527;510;508;
;;;;;497;527;;;;
;;;;;498;528;529;512;510;
;;;;;499;529;530;513;511;
;;;;;500;530;;;;
;;;;;;;531;514;512;
;;;;;501;531;532;515;513;
;;;;;502;532;533;516;514;
;;;;;503;533;534;517;515;
;;;;;504;534;535;518;516;
;;;;;505;535;536;519;517;
;;;;;506;536;537;520;518;
;;;;;507;537;538;521;519;
;;;;;508;538;539;522;520;
;;;;;509;539;540;523;521;
;;;;;511;541;542;525;523;
;;;;;512;542;543;526;524;
;;;;;513;543;544;527;525;
;;;;;514;544;545;528;526;
;;;;;515;545;546;529;527;
;;;;;516;546;547;530;528;
;;;;;517;547;548;531;529;
;;;;;523;553;554;537;535;
;;;;;524;554;555;538;536;
;;;;;526;556;557;540;538;
;;;;;527;557;558;541;539;
;;;;;528;558;559;542;540;
;;;;;531;561;562;545;543;
;;;;;532;562;563;546;544;
;;;;;533;563;564;547;545;
;;;;;534;564;565;548;546;
;;;;;535;565;566;549;547;
;;;;;536;566;567;550;548;
;;;;;537;567;568;551;549;
;;;;;539;569;570;553;551;
;;;;;540;570;571;554;552;
;;;;;541;571;572;555;553;
;;;;;542;572;573;556;554;
;;;;;543;573;574;557;;
;;;;;;;;;555;
;;;;;;;;;556;
;;;;;;;;;557;
;;;;;544;574;575;558;558;
;;;;;545;575;576;559;559;
;;;;;546;576;577;560;560;
;;;;;547;577;578;561;561;
;;;;;549;579;580;563;563;
;;;;;550;580;581;564;564;
;;;;;551;581;582;565;565;
;;;;;553;583;584;567;567;
;;;;;554;584;585;568;568;
;;;;;555;585;586;569;;
;;;;;;;;;569;
;;;;;556;586;587;570;570;
;;;;;;;;;571;
;;;;;557;587;588;571;572;
;;;;;558;588;589;572;573;
;;;;;567;597;598;581;582;
;;;;;569;599;600;583;584;
;;;;;570;600;601;584;585;
;;;;;571;601;602;585;586;
;;;;;572;602;603;586;587;
;;;;;573;603;604;587;588;
;;;;;574;604;605;588;589;
;;;;;575;605;606;589;590;
;;;;;576;606;607;590;591;
;;;;;577;607;608;591;592;
;;;;;578;608;609;592;593;
;;;;;579;609;610;593;594;
;;;;;580;610;611;594;595;
;;;;;581;611;612;595;596;
;;;;;583;613;614;597;;
;;;;;;;;;598;
;;;;;584;614;615;598;599;
;;;;;585;615;616;599;;
;;;;;;;;;600;
;;;;;586;616;617;600;601;
;;;;;587;617;618;601;;
;;;;;;;;;602;
;;;;;588;618;619;602;603;
;;;;;589;619;620;603;;
;;;;;;;;;604;
;;;;;590;620;621;604;605;
;;;;;591;621;622;605;;
;;;;;;;;;606;
;;;;;592;622;623;606;607;
;;;;;593;623;624;607;;
;;;;;;;;;608;
;;;;;594;624;625;608;609;
;;;;;595;625;626;609;;
;;;;;;;;;610;
;;;;;596;626;627;610;611;
;;;;;597;627;628;611;;
;;;;;;;;;612;
;;;;;598;628;629;612;613;
;;;;;599;629;630;613;;
;;;;;;;;;614;
;;;;;600;630;631;614;615;
;;;;;601;631;632;615;616;
;;;;;;;;;617;
;;;;;613;643;644;627;628;
;;;;;614;644;645;628;629;
;;;;;615;645;646;629;630;
;;;;;616;646;647;630;631;
;;;;;617;647;648;631;632;
;;;;;618;648;649;632;;
;;;;;;;;;633;
;;;;;619;649;650;633;634;
;;;;;;;;;635;
;;;;;620;650;651;634;636;
;;;;;621;651;652;635;637;
;;;;;628;658;659;642;643;
;;;;;629;659;660;643;644;
;;;;;630;660;661;644;645;
;;;;;641;671;672;655;655;
;;;;;642;672;673;656;656;
;;;;;643;673;674;657;657;
;;;;;;;;;658;
;;;;;645;675;676;659;659;
;;;;;;;;;660;
;;;;;646;676;677;660;661;
;;;;;647;677;678;661;662;
;;;;;652;682;683;666;667;
;;;;;653;683;684;667;668;
;;;;;654;684;685;668;669;
;;;;;655;685;686;669;;
;;;;;;;;;670;
;;;;;656;686;687;670;671;
;;;;;657;687;688;671;672;
;;;;;;;;;673;
;;;;;658;688;689;672;674;
;;;;;659;689;690;673;675;
;;;;;670;700;701;684;686;
;;;;;671;701;702;685;687;
;;;;;672;702;703;686;688;
;;;;;674;704;705;688;690;
;;;;;676;706;707;690;692;
;;;;;677;707;708;691;693;
;;;;;679;709;710;693;695;
;;;;;680;710;;;;
;;;;;;;711;694;696;
;;;;;681;711;712;695;697;
;;;;;682;712;713;696;698;
;;;;;683;713;714;697;699;
;;;;;685;715;716;699;701;
;;;;;686;716;717;700;702;
;;;;;687;717;718;701;703;
;;;;;688;718;719;702;704;
;;;;;689;719;720;703;705;
;;;;;690;720;721;704;706;
;;;;;691;721;722;705;707;
;;;;;692;722;723;706;708;
;;;;;693;723;724;707;709;
;;;;;694;724;725;708;710;
;;;;;695;725;726;709;711;
;;;;;697;727;728;711;713;
;;;;;698;728;729;712;714;
;;;;;699;729;730;713;715;
;;;;;700;730;731;714;716;
;;;;;701;731;732;715;717;
;;;;;703;733;734;717;718;
;;;;;704;734;735;718;720;
;;;;;705;735;736;719;721;
;;;;;706;736;737;720;722;
;;;;;709;739;740;723;725;
;;;;;711;741;742;725;;
;;;;;712;742;743;726;;
;;;;;;;;;727;
;;;;;;;;;728;
;;;;;;;;;729;
;;;;;;;;;730;
;;;;;713;743;744;727;731;
;;;;;716;746;747;730;732;
;;;;;;;;;735;
;;;;;727;757;758;741;745;
;;;;;728;758;759;742;746;
;;;;;729;759;760;743;747;
;;;;;730;760;761;744;748;
;;;;;731;761;762;745;749;
;;;;;732;762;763;746;750;
;;;;;733;763;764;747;751;
;;;;;734;764;765;748;752;
;;;;;735;765;766;749;753;
;;;;;736;766;767;750;754;
;;;;;737;767;768;751;755;
;;;;;738;768;769;752;756;
;;;;;739;769;770;753;757;
;;;;;740;770;771;754;758;
;;;;;741;771;772;755;759;
;;;;;742;772;773;756;760;
;;;;;744;774;775;758;762;
;;;;;745;775;776;759;763;
;;;;;746;776;777;760;764;
;;;;;747;777;778;761;765;
;;;;;748;778;779;762;766;
;;;;;749;779;780;763;767;
;;;;;750;780;781;764;768;
;;;;;751;781;782;765;769;
;;;;;752;782;783;766;770;
;;;;;753;783;784;767;771;
;;;;;754;784;785;768;;
;;;;;;;;;772;
;;;;;;;;;773;
;;;;;755;785;786;769;774;
;;;;;756;786;787;770;775;
;;;;;757;787;788;771;776;
;;;;;758;788;789;772;777;
;;;;;759;789;790;773;778;
;;;;;760;790;791;774;779;
;;;;;762;792;793;776;781;
;;;;;763;793;794;777;782;
;;;;;764;794;795;778;783;
;;;;;769;799;800;783;788;
;;;;;770;800;801;784;789;
;;;;;771;801;802;785;790;
;;;;;776;806;807;790;795;
;;;;;777;807;808;791;;
;;;;;;;;;796;
;;;;;;;;;797;
;;;;;;;;;798;
;;;;;778;808;809;792;799;
;;;;;779;809;810;793;800;
;;;;;780;810;811;794;801;
;;;;;781;811;812;795;;
;;;;;;;;;802;
;;;;;782;812;813;796;803;
;;;;;783;813;814;797;;
;;;;;784;814;815;798;;
;;;;;;;;;804;
;;;;;785;815;816;799;805;
;;;;;786;816;817;800;;
;;;;;787;817;818;801;;
;;;;;;;;;806;
;;;;;788;818;819;802;807;
;;;;;789;819;820;803;;
;;;;;790;820;821;;;
;;;;;;;;;808;
;;;;;791;821;822;;809;
;;;;;792;822;823;;;
;;;;;793;823;824;;;
;;;;;;;;;810;
;;;;;794;824;825;;811;
;;;;;795;825;826;;;
;;;;;796;826;827;804;;
;;;;;;;;;812;
;;;;;797;827;828;;813;
;;;;;798;828;829;;814;
;;;;;799;829;830;;815;
;;;;;800;830;831;808;816;
;;;;;801;831;832;809;817;
;;;;;802;832;833;810;;
;;;;;803;833;834;811;;
;;;;;;;;;818;
;;;;;804;834;835;812;819;
;;;;;805;835;836;813;820;
;;;;;;;;;821;
;;;;;806;836;837;814;822;
;;;;;807;837;838;815;823;
;;;;;809;839;840;817;825;
;;;;;810;840;841;818;826;
;;;;;811;841;842;819;827;
;;;;;812;842;843;820;828;
;;;;;813;843;844;821;;
;;;;;;;;;829;
;;;;;814;844;845;822;830;
;;;;;815;845;846;823;;
;;;;;816;846;847;824;;
;;;;;;;;;831;
;;;;;817;847;848;825;832;
;;;;;818;848;849;826;;
;;;;;;;;;833;
;;;;;;849;850;;834;
;;;;;;850;851;;835;
;;;;;;;;;836;
;;;;;;851;852;;837;
;;;;;;852;853;;839;
;;;;;;854;855;;841;
;;;;;;;;;842;
;;;;;;;;;843;
;;;;;;;;;844;
;;;;;;;;;845;
;;;;;;;;;846;
;;;;;;;;;847;
;;;;;;;;;848;
;;;;;;;;;849;
;;;;;;;;;850;
;;;;;;;;;851;
;;;;;;;;;852;
;;;;;;;;;853;
;;;;;;;;;854;
;;;;;;;;;855;
;;;;;;;;;856;
;;;;;;;;;857;
;;;;;;;;;858;
;;;;;;;;;859;
;;;;;;;;;860;
;;;;;;;;;861;
;;;;;;;;;862;
;;;;;;;;;863;
;;;;;;;;;864;
;;;;;;;;;865;
;;;;;819;;;827;866;
;;;;;820;;;828;867;
;;;;;;;;;868;
;;;;;821;;;829;869;
;;;;;822;;;830;870;
;;;;;824;;;;872;
;;;;;825;855;856;;873;
;;;;;826;856;857;;874;
;;;;;827;857;858;835;875;
;;;;;828;858;859;836;876;
;;;;;829;859;860;837;877;
;;;;;831;861;862;;879;
;;;;;832;862;863;;880;
;;;;;833;863;864;;881;
;;;;;834;864;865;842;882;
;;;;;835;865;866;843;883;
;;;;;836;866;867;844;884;
;;;;;837;867;868;845;885;
;;;;;838;868;869;846;886;
;;;;;839;869;870;847;887;
;;;;;840;870;871;848;888;
;;;;;841;871;872;849;889;
;;;;;843;873;874;;891;
;;;;;844;874;875;;892;
;;;;;845;875;876;;893;
;;;;;846;876;877;854;894;
;;;;;847;877;878;855;;
;;;;;848;878;879;856;;
;;;;;;;;;895;
;;;;;;;;;896;
;;;;;;;;;897;
;;;;;;;;;898;
;;;;;;879;880;857;899;
;;;;;849;;;;900;
;;;;;851;881;882;;902;
;;;;;852;882;883;;903;
;;;;;853;883;884;;904;
;;;;;854;884;885;862;905;
;;;;;855;885;886;863;;
;;;;;;;;;906;
;;;;;;;;;907;
;;;;;;;;;908;
;;;;;856;886;887;864;909;
;;;;;857;887;888;865;910;
;;;;;859;889;890;;912;
;;;;;860;890;891;;913;
;;;;;861;891;892;;914;
;;;;;862;892;893;;915;
;;;;;863;893;894;;916;
;;;;;864;894;895;872;917;
;;;;;865;895;896;873;;
;;;;;;;;;918;
;;;;;;;;;919;
;;;;;;;;;920;
;;;;;866;896;897;874;921;
;;;;;867;897;898;875;922;
;;;;;869;899;900;877;924;
;;;;;870;900;901;878;925;
;;;;;871;901;902;879;926;
;;;;;873;903;904;881;928;
;;;;;874;904;905;882;929;
;;;;;875;905;906;883;930;
;;;;;877;907;908;885;932;
;;;;;878;908;909;886;933;
;;;;;879;909;910;887;934;
;;;;;881;911;912;;936;
;;;;;882;912;913;;937;
;;;;;883;913;914;;938;
;;;;;885;915;916;;940;
;;;;;886;916;917;;941;
;;;;;887;917;918;;942;
;;;;;888;918;919;892;943;
;;;;;889;919;920;893;944;
;;;;;890;920;921;894;;
;;;;;;;;;945;
;;;;;891;921;922;895;946;
;;;;;;;;;947;
;;;;;892;922;923;896;948;
;;;;;893;923;924;897;;
;;;;;;;;;949;
;;;;;894;924;925;898;950;
;;;;;;;;;951;
;;;;;895;925;926;899;952;
;;;;;896;926;927;900;953;
;;;;;898;928;929;;955;
;;;;;899;929;930;;956;
;;;;;900;930;931;;957;
;;;;;901;931;932;905;958;
;;;;;902;932;933;906;959;
;;;;;903;933;934;907;960;
;;;;;904;934;935;908;961;
;;;;;905;935;936;909;;
;;;;;906;936;937;910;;
;;;;;;;;;962;
;;;;;;;;;963;
;;;;;;;;;964;
;;;;;;;;;965;
;;;;;;;;;966;
;;;;;907;937;938;911;967;
;;;;;908;938;939;912;968;
;;;;;909;939;940;913;969;
;;;;;910;940;941;914;970;
;;;;;912;942;943;;972;
;;;;;913;943;944;;973;
;;;;;914;944;945;;974;
;;;;;915;945;946;919;975;
;;;;;916;946;947;920;976;
;;;;;917;947;948;921;;
;;;;;;;;;977;
;;;;;918;948;949;922;978;
;;;;;;;;;979;
;;;;;919;949;950;923;980;
;;;;;920;950;951;924;;
;;;;;;;;;981;
;;;;;921;951;952;925;982;
;;;;;;;;;983;
;;;;;922;952;953;926;984;
;;;;;923;953;954;927;985;
;;;;;925;955;956;;987;
;;;;;926;956;957;;988;
;;;;;927;957;958;;989;
;;;;;928;958;959;;990;
;;;;;929;959;960;;991;
;;;;;930;960;961;;992;
;;;;;931;961;962;;993;
;;;;;932;962;963;;994;
;;;;;933;963;964;;995;
;;;;;934;964;965;;996;
;;;;;942;972;973;946;1004;
;;;;;943;973;974;947;1005;
;;;;;944;974;975;948;1006;
;;;;;945;975;976;949;1007;
;;;;;947;977;978;951;1009;
;;;;;949;979;980;953;1011;
;;;;;950;980;981;954;1012;
;;;;;951;981;982;955;1013;
;;;;;952;982;983;956;1014;
;;;;;953;983;984;957;1015;
;;;;;954;984;985;958;1016;
;;;;;955;985;986;959;1017;
;;;;;956;986;987;960;1018;
;;;;;957;987;988;961;1019;
;;;;;958;988;989;962;1020;
;;;;;959;989;990;963;1021;
;;;;;960;990;991;964;1022;
;;;;;961;991;992;965;1023;
;;;;;962;992;993;966;1024;
;;;;;964;994;995;968;1026;
;;;;;965;995;996;969;1027;
;;;;;966;996;997;970;1028;
;;;;;980;1010;1011;984;1042;
;;;;;981;1011;1012;985;;
;;;;;;;;;1043;
;;;;;;;;;1044;
;;;;;;;;;1045;
;;;;;983;1013;1014;987;1047;
;;;;;984;1014;1015;988;1048;
;;;;;988;1018;1019;992;1052;
;;;;;989;1019;1020;993;1053;
;;;;;;;;;1054;
;;;;;991;1021;1022;995;1055;
;;;;;993;;;;;
;;;;;;1023;1024;997;;
;;;;;994;1024;1025;998;;
;;;;;995;1025;1026;999;;
;;;;;996;1026;1027;1000;;
;;;;;997;1027;1028;1001;;
;;;;;998;1028;1029;1002;;
;;;;;999;1029;1030;1003;;
;;;;;1000;;;;;
;;;;;;1030;1031;1004;1056;
;;;;;1001;1031;1032;1005;;
;;;;;1004;;;;;
;;;;;1005;1034;1035;1008;;
;;;;;1006;;;;;
;;;;;1007;;;;;
;;;;;1008;;;;;
;;;;;1009;;;;;
;;;;;;;;;1058;
;;;;;;;;;1060;
;;;;;;;;;1061;
;;;;;;;;;1062;
;;;;;;;;;1063;
;;;;;;1035;1036;1009;1064;
;;;;;;1036;1037;1010;;
;;;;;1011;1037;1038;1011;;
;;;;;;;;;1065;
;;;;;;;;;1066;
;;;;;1012;1038;1039;1012;1067;
;;;;;1013;1039;1040;1013;;
;;;;;;;;;1068;
;;;;;1014;;;;1069;
;;;;;1015;1040;1041;1014;;
;;;;;1016;1041;1042;1015;;
;;;;;;;;;1070;
;;;;;;;;;1071;
;;;;;;;;;1072;
;;;;;1017;1042;1043;1016;1073;
;;;;;1018;1043;1044;1017;1074;
;;;;;1019;1044;1045;;;
;;;;;;;;1018;1075;
;;;;;1020;1045;1046;1019;1076;
;;;;;1021;1046;1047;1020;1077;
;;;;;1022;1047;1048;1021;1078;
;;;;;1023;1048;1049;1022;1079;
;;;;;1029;1059;1060;1033;;
;;;;;1030;;;;;
;;;;;;;;;1084;
;;;;;;;;;1085;
;;;;;;;;;1086;
;;;;;1031;;;;1087;
;;;;;1041;;;;;
;;;;;1042;1060;1061;1034;;
;;;;;1044;1062;1063;1036;;
;;;;;;;;;1088;
;;;;;1045;1063;1064;1037;1089;
;;;;;1046;1064;1065;1038;;
;;;;;1047;1065;1066;1039;;
;;;;;1048;1066;1067;1040;;
;;;;;1049;1067;1068;1041;;
;;;;;1050;1068;1069;1042;;
;;;;;1051;1069;1070;1043;;
;;;;;1052;1070;1071;1044;;
;;;;;1053;1071;1072;1045;;
;;;;;;;;;1090;
;;;;;;;;;1091;
;;;;;;;;;1092;
;;;;;;;;;1093;
;;;;;1054;1072;1073;1046;1094;
;;;;;1055;1073;1074;1047;;
;;;;;1056;1074;1075;1048;;
;;;;;1058;1076;1077;1050;;
;;;;;1059;1077;1078;1051;;
;;;;;1060;1078;1079;1052;;
;;;;;;;;;1095;
;;;;;;;;;1096;
;;;;;1061;1079;1080;1053;1097;
;;;;;1063;1081;1082;1055;;
;;;;;1064;1082;1083;1056;;
;;;;;1067;1085;1086;1059;;
;;;;;1068;1086;1087;1060;1098;
;;;;;;;;;1100;
;;;;;;;;;1101;
;;;;;;;;1061;1102;
;;;;;;;;;1104;
;;;;;;;;;1105;
;;;;;;;;;1106;
;;;;;;;;;1107;
;;;;;;;;;1108;
;;;;;;;;;1109;
;;;;;;;;;1110;
;;;;;;;;;1121;
;;;;;;;;;1122;
;;;;;;;;;1123;
;;;;;1069;;1088;;1124;
;;;;;;;;;1127;
;;;;;;;;;1128;
;;;;;;;;;1129;
;;;;;;;;;1130;
;;;;;;;;;1131;
;;;;;;;;;1134;
;;;;;;1087;;;1135;
;;;;;1083;1101;1102;1075;1149;
;;;;;1084;1102;1103;1076;1150;
;;;;;1085;1103;1104;1077;1151;
;;;;;1086;1104;1105;1078;1152;
;;;;;1087;1105;1106;1079;1153;
;;;;;1088;1106;1107;1080;1154;
;;;;;1089;1107;1108;1081;1155;
;;;;;1090;1108;1109;1082;1156;
;;;;;1091;1109;1110;1083;1157;
;;;;;1097;1115;1116;1089;1163;
;;;;;1098;1116;1117;1090;;
;;;;;1099;1117;1118;;;
;;;;;;;;1091;;
;;;;;1100;1118;1119;1092;;
;;;;;;;;;1164;
;;;;;;;;;1165;
;;;;;;;;;1166;
;;;;;1101;1119;1120;1093;1167;
;;;;;1102;1120;1121;1094;1168;
;;;;;1112;1130;1131;1104;1178;
;;;;;1113;1131;1132;1105;1179;
;;;;;1114;1132;1133;1106;1180;
;;;;;1115;1133;1134;1107;1181;
;;;;;1116;1134;1135;1108;1182;
;;;;;1117;1135;1136;1109;1183;
;;;;;1118;1136;1137;1110;1184;
;;;;;1119;1137;1138;1111;1185;
;;;;;1120;1138;1139;1112;1186;
;;;;;1121;1139;1140;1113;1187;
;;;;;1127;1145;1146;1119;1193;
;;;;;1129;1147;1148;1121;1195;
;;;;;1130;1148;1149;1122;1196;
;;;;;1131;1149;1150;1123;1197;
;;;;;1132;1150;1151;1124;1198;
;;;;;1133;1151;1152;1125;1199;
;;;;;1134;1152;1153;1126;1200;
;;;;;1135;1153;1154;1127;1201;
;;;;;1143;1161;1162;1135;1209;
;;;;;1144;1162;1163;1136;1210;
;;;;;1145;1163;1164;1137;1211;
;;;;;1146;1164;1165;1138;;
;;;;;1147;1165;1166;1139;;
;;;;;;;;1140;;
;;;;;;;;;1212;
;;;;;;;;;1213;
;;;;;;;;;1214;
;;;;;;;;;1215;
;;;;;1148;1166;;;1216;
;;;;;;;1167;;1217;
;;;;;1153;1171;1172;;1222;
;;;;;1154;1172;1173;;1223;
;;;;;1155;1173;1174;;1224;
;;;;;1161;1179;1180;;;
;;;;;1162;1180;1181;;1230;
;;;;;1163;1181;1182;;1231;
;;;;;1164;1182;1183;;1232;
;;;;;1165;1183;1184;;1233;
;;;;;1166;1184;1185;;1234;
;;;;;1170;1188;1189;;1238;
;;;;;1171;1189;1190;;1239;
;;;;;1172;1190;1191;;1240;
;;;;;1173;1191;1192;;1241;
;;;;;1175;1193;1194;1142;1242;
;;;;;1178;1196;1197;1145;;
;;;;;1179;1197;1198;1146;;
;;;;;;;;;1244;
;;;;;1181;1199;1200;1148;1245;
;;;;;1186;1204;1205;1153;1249;
;;;;;1188;1206;1207;1155;1250;
;;;;;1189;1207;1208;1156;1251;

